{
  "params": {
    "b": [
      -0.5,
      0.4544055163860321,
      0.5,
      -0.5,
      0.5,
      0.5
    ],
    "gamma_H": [
      0.0,
      -0.4762762188911438,
      0.23146416246891022,
      -0.24481205642223358
    ],
    "gamma_A": [
      0.0,
      0.15563726425170898,
      -0.6044792532920837,
      -0.44884198904037476
    ],
    "delta_H": [
      0.6240159273147583,
      0.3530401885509491,
      -0.0,
      -0.3530401885509491,
      -0.6240159273147583
    ],
    "delta_A": [
      -0.6173728704452515,
      -0.3634013533592224,
      0.0,
      0.3634013533592224,
      0.6173728704452515
    ],
    "beta_H": -0.22866344451904297,
    "kappa_H": -0.1885051727294922,
    "tau_H": 0.9274393916130066,
    "beta_A": 0.21350187063217163,
    "kappa_A": 0.20533576607704163,
    "tau_A": 0.7637014389038086,
    "Q_global": [
      [
        -0.0019440809523396854,
        0.0008916389112761509,
        0.0010524420410635345,
        0.0
      ],
      [
        0.0,
        -0.0010524420410635345,
        0.0,
        0.0010524420410635345
      ],
      [
        0.0,
        0.0,
        -0.0008916389112761509,
        0.0008916389112761509
      ],
      [
        0.0,
        0.0,
        0.0,
        -0.0
      ]
    ],
    "Q_by_delta_S": {
      "0": [
        [
          -0.0025673940949935813,
          0.0014811889009578355,
          0.001086205194035746,
          0.0
        ],
        [
          0.0,
          -0.001909390730775907,
          0.0,
          0.001909390730775907
        ],
        [
          0.0,
          0.0,
          -0.0026367831245880024,
          0.0026367831245880024
        ],
        [
          0.0,
          0.0,
          0.0,
          -0.0
        ]
      ],
      "1": [
        [
          -0.0022926634768740033,
          0.0013332336523125996,
          0.0009594298245614035,
          0.0
        ],
        [
          0.0,
          -0.003951527924130664,
          0.0,
          0.003951527924130664
        ],
        [
          0.0,
          0.0,
          -0.004147566033617114,
          0.004147566033617114
        ],
        [
          0.0,
          0.0,
          0.0,
          -0.0
        ]
      ],
      "2": [
        [
          -0.0016281411761017873,
          0.0007308022366858804,
          0.0008973389394159068,
          0.0
        ],
        [
          0.0,
          -0.0017715539058545638,
          0.0,
          0.0017715539058545638
        ],
        [
          0.0,
          0.0,
          -0.0025246355566414204,
          0.0025246355566414204
        ],
        [
          0.0,
          0.0,
          0.0,
          -0.0
        ]
      ],
      "3": [
        [
          -0.002126624166626113,
          0.0008418901163073629,
          0.0012847340503187503,
          0.0
        ],
        [
          0.0,
          -0.002913453299057412,
          0.0,
          0.002913453299057412
        ],
        [
          0.0,
          0.0,
          -0.0018749414080809976,
          0.0018749414080809976
        ],
        [
          0.0,
          0.0,
          0.0,
          -0.0
        ]
      ],
      "4": [
        [
          -0.0022392108508014798,
          0.000749691738594328,
          0.0014895191122071517,
          0.0
        ],
        [
          0.0,
          -0.005426739023186976,
          0.0,
          0.005426739023186976
        ],
        [
          0.0,
          0.0,
          -0.0013530273988048259,
          0.0013530273988048259
        ],
        [
          0.0,
          0.0,
          0.0,
          -0.0
        ]
      ]
    },
    "n_matches": 11621,
    "n_goals": 31512,
    "league_id": 0
  },
  "xgb_model_path": "mle_fallback",
  "feature_mask": [
    "xg",
    "shots_total",
    "shots_on_target",
    "shots_insidebox_ratio",
    "possession",
    "pass_accuracy",
    "corners",
    "fouls",
    "saves",
    "passes_total",
    "team_avg_rating",
    "num_players_rated",
    "exchange_home_prob",
    "exchange_draw_prob",
    "exchange_away_prob",
    "market_avg_home_prob",
    "market_avg_draw_prob",
    "bookmaker_odds_std",
    "home_away_flag",
    "rest_days"
  ],
  "validation": {
    "bs_model": 0.32831664038120345,
    "bs_exchange": 0.6666666666666669,
    "delta_bs": -0.3383500262854634,
    "log_loss_model": 0.600556641895978,
    "go_decision": true,
    "reasons": [
      "\u0394BS = -0.3384 < 0 (model beats exchange)"
    ]
  },
  "sanity_thresholds": {
    "go_threshold": 0.6031489171599054,
    "hold_threshold": 0.6569314771477104,
    "median_delta": 0.29670138821653225,
    "n_matches": 11621
  },
  "is_active": true,
  "sigma_a": 0.1,
  "cv_brier_score": 0.3240598351638536,
  "cv_results": {
    "0.1": [
      0.3178090018951157,
      0.328634135048509,
      0.3106453039054979,
      0.3302938533001122,
      0.33291688167003336
    ],
    "0.3": [
      0.317863593775567,
      0.3286798577896875,
      0.31070485135943543,
      0.3303397211046902,
      0.3329748755801856
    ],
    "0.5": [
      0.3179671315647369,
      0.32876991740980577,
      0.3108192395891067,
      0.33042953364758054,
      0.33308905623894547
    ],
    "1.0": [
      0.318130217421723,
      0.32891975756404657,
      0.31100495812001494,
      0.33057429699680435,
      0.3332706400957649
    ]
  },
  "n_leagues": 8,
  "n_total_matches": 11621,
  "n_intervalized_matches": 11621,
  "n_goals": 31512,
  "n_red_cards": 2372,
  "Q_condition_number": 3.317681139035898
}