{
  "b": [
    -0.5,
    0.28269556164741516,
    0.5,
    -0.411098450422287,
    0.49691683053970337,
    0.5
  ],
  "gamma_H": [
    0.0,
    -0.42934343218803406,
    0.2993909418582916,
    -0.12995249032974243
  ],
  "gamma_A": [
    0.0,
    0.18458421528339386,
    -0.4132194221019745,
    -0.22863520681858063
  ],
  "delta_H": [
    0.5979660153388977,
    0.32520416378974915,
    -0.0,
    -0.32520416378974915,
    -0.5979660153388977
  ],
  "delta_A": [
    -0.6188123226165771,
    -0.35421472787857056,
    0.0,
    0.35421472787857056,
    0.6188123226165771
  ],
  "beta_H": -0.233554869890213,
  "kappa_H": -0.16016826033592224,
  "tau_H": 1.177697777748108,
  "beta_A": 0.22272348403930664,
  "kappa_A": 0.19293132424354553,
  "tau_A": 0.8739182949066162,
  "Q_global": [
    [
      -0.0015371477369769428,
      0.000740108169655565,
      0.0007970395673213777,
      0.0
    ],
    [
      0.0,
      -0.0007970395673213777,
      0.0,
      0.0007970395673213777
    ],
    [
      0.0,
      0.0,
      -0.000740108169655565,
      0.000740108169655565
    ],
    [
      0.0,
      0.0,
      0.0,
      -0.0
    ]
  ],
  "Q_by_delta_S": {
    "0": [
      [
        -0.0025289084795977273,
        0.0013614307949563233,
        0.0011674776846414038,
        0.0
      ],
      [
        0.0,
        -0.0009688212927756653,
        0.0,
        0.0009688212927756653
      ],
      [
        0.0,
        0.0,
        -0.0,
        0.0
      ],
      [
        0.0,
        0.0,
        0.0,
        -0.0
      ]
    ],
    "1": [
      [
        -0.00084774499830451,
        0.000508646998982706,
        0.00033909799932180403,
        0.0
      ],
      [
        0.0,
        -0.015748031496062992,
        0.0,
        0.015748031496062992
      ],
      [
        0.0,
        0.0,
        -0.0,
        0.0
      ],
      [
        0.0,
        0.0,
        0.0,
        -0.0
      ]
    ],
    "2": [
      [
        -0.0012643024211391365,
        0.0005057209684556546,
        0.0007585814526834819,
        0.0
      ],
      [
        0.0,
        -0.0,
        0.0,
        0.0
      ],
      [
        0.0,
        0.0,
        -0.0,
        0.0
      ],
      [
        0.0,
        0.0,
        0.0,
        -0.0
      ]
    ],
    "3": [
      [
        -0.002029664324746292,
        0.001092896174863388,
        0.000936768149882904,
        0.0
      ],
      [
        0.0,
        -0.0,
        0.0,
        0.0
      ],
      [
        0.0,
        0.0,
        -0.0,
        0.0
      ],
      [
        0.0,
        0.0,
        0.0,
        -0.0
      ]
    ],
    "4": [
      [
        -0.0016750493341334504,
        0.0007254420288899366,
        0.0009496073052435137,
        0.0
      ],
      [
        0.0,
        -0.00023574144486692005,
        0.0,
        0.00023574144486692005
      ],
      [
        0.0,
        0.0,
        -0.0,
        0.0
      ],
      [
        0.0,
        0.0,
        0.0,
        -0.0
      ]
    ]
  },
  "n_matches": 380,
  "n_goals": 1247,
  "league_id": 1204
}